{"Node":["Category","EnqueuedScript","EnqueuedStylesheet","ContentType","Taxonomy","User","Comment","MediaItem","Page","Post","PostFormat","Tag","UserRole","Menu","MenuItem","Plugin","Theme","CommentAuthor"],"TermNode":["Category","PostFormat","Tag"],"UniformResourceIdentifiable":["Category","ContentType","User","MediaItem","Page","Post","PostFormat","Tag"],"EnqueuedAsset":["EnqueuedScript","EnqueuedStylesheet"],"DatabaseIdentifier":["Category","User","Comment","MediaItem","Page","Post","PostFormat","Tag","Menu","MenuItem"],"HierarchicalTermNode":["Category"],"MenuItemLinkable":["Category","Page","Post","Tag"],"ContentNode":["MediaItem","Page","Post"],"Commenter":["User","CommentAuthor"],"NodeWithTemplate":["MediaItem","Page","Post"],"ContentTemplate":["DefaultTemplate","Template_Blank","Template_BlogAlternative"],"NodeWithTitle":["MediaItem","Page","Post"],"NodeWithAuthor":["MediaItem","Page","Post"],"NodeWithComments":["MediaItem","Page","Post"],"HierarchicalContentNode":["MediaItem","Page"],"NodeWithContentEditor":["Page","Post"],"NodeWithFeaturedImage":["Page","Post"],"NodeWithRevisions":["Page","Post"],"NodeWithPageAttributes":["Page"],"NodeWithExcerpt":["Post"],"NodeWithTrackbacks":["Post"],"ContentRevisionUnion":["Post","Page"],"MenuItemObjectUnion":["Post","Page","Category","Tag"]}