{
    "meta": {
        "schema": "1.0",
        "version": "1.0",
        "name": "ACM Blueprint",
        "description": "",
        "requires": {
            "wordpress": "5.9.2",
            "acm": "0.15.0"
        }
    },
    "models": [],
    "taxonomies": [],
    "posts": [],
    "post_meta": [],
    "relationships": [],
    "wp-options": {
        "category_base": "",
        "permalink_structure": "\/%postname%\/",
        "nav_menu_options": false,
        "theme_mods_twentytwentytwo": {
            "0": false,
            "nav_menu_locations": []
        },
        "current_theme": "Twenty Twenty-Two",
        "stylesheet": "twentytwentytwo",
        "template": "twentytwentytwo"
    }
}